{
  "show" : [
    {
    "name":"The National Anthem",
    "season": "1",
    "number": "1",
    "summary":"Prime Minister Michael Callow faces a huge and shocking dilemma when Princess Susannah, a much-loved member of the Royal Family, is kidnapped."
    },
  {
    "name":"Fifteen Million Merits",
    "season": "1",
    "number": "2",
    "summary":"In the near future, everyone is confined to a life of strange physical drudgery. The only way to escape is to enter the 'Hot Shot' talent show and pray you can impress the judges."
  },
  {
    "name":"The Entire History of You",
    "season": "1",
    "number": "3",
    "summary":"A jealous husband, Liam Foxwell, suspects that his wife was involved with another man. Thanks to an implant that lets anyone play memories back as long and as often as they want, he sets out to confirm his suspicions."
  },
  {
    "name":"Be Right Back",
    "season":"2",
    "number":"1",
    "summary":"When a man named Ash dies, his girlfriend Martha is grief-stricken... until a friend directs her to a service that can create an AI programmed with Ash's online personality. Eventually the software offers Martha a new improvement: a physical body for it to occupy."
  },
  {
    "name":"White Bear",
    "season":"2",
    "number":"2",
    "summary":"A woman, Victoria, wakes up with amnesia and a fellow survivor tells her that nine-tenths of the world's population have been turned into photo-taking zombies by a mysterious TV signal. To get to safety, they have to evade the sadistic hunters and destroy the White Bear transmitter. However, Victoria soon realizes that something far more sinister is going on."

  },
  {
    "name":"The Waldo Moment",
    "season":"2",
    "number":"3",
    "summary":"An animated blue bear, Waldo, proves surprisingly successful as a third-party candidate. But Jamie Salter, the voice of Waldo, begins to have second thoughts when he learns what the governments of the world intend to use Waldo for."
  },
  {
    "name":"Nosedive",
    "season":"3",
    "number":"1",
    "summary":"In the near future, everyone is obsessed with getting ratings from others... and a woman, Lacie, is determined to get a high enough rating to buy the home she's always dreamed of."
  },
  {
    "name":"Playtest",
    "season":"3",
    "number":"2",
    "summary":"An American, Cooper, leaves the States to avoid facing his mother after the death of his father. Trying to raise money, he signs up to playtest a new VR game for a cutting-edge company and gets more than he expected."
  },
  {
    "name":"Shut Up and Dance",
    "season":"3",
    "number":"3",
    "summary":"Hackers get a compromising video of a teenager, Kenny, and force him and their other blackmail victims to complete an elaborate and increasingly dangerous series of tasks."
  }, {
    "name":"San Junipero",
    "season":"3",
    "number":"4",
    "summary":"A woman named Yorkie arrives in the 1987 town of San Junipero, and soon links up with the free-spirited Kelly. But San Junipero isn't all that it seems..."

  }, {
    "name":"Men Against Fire",
    "season":"3",
    "number":"5",
    "summary":"A soldier, Stripe, serves in Europe hunting down mutated humans known as \"Roaches.\" However, he soon discovers that the creatures aren't what they appear."
  }, {
    "name":"Hated in the Nation",
    "season":"3",
    "number":"6",
    "summary":"A DIC and her new shadow investigate a reporter's death and discover that she was the most hated woman in the UK by popular vote... and the vote killed her."
  }, {
    "name":"USS Callister",
    "season":"4",
    "number":"1",
    "summary":"A new recruit aboard the Space Fleet cruiser <i>USS Callister </i>soon discovers that she's not real... and neither is anything else."
  }, {
    "name":"Arkangel",
    "season":"4",
    "number":"2",
    "summary":"An overprotective mother has a chip installed in her daughter's head that lets her monitor everything she sees and hears, but takes it too far."
  }, {
    "name":"Crocodile",
    "season":"4",
    "number":"3",
    "summary":"An old friend of architect Mia Nolan tells her that he's going to confess to a crime that they both commited 15 years ago. Mia is forced to silence him and then anyone who might tie her to the crime."
  }, {
    "name":"Hang the DJ",
    "season":"4",
    "number":"4",
    "summary":"A mysterious \"System\" pairs up couples and sets expiry dates on their relationships, but one couple decides to rebel."

  }, {
    "name":"Metalhead",
    "season":"4",
    "number":"5",
    "summary":"In a post-apocalyptic England, three scavengers break into a warehouse. Two of them are killed by a robot \"dog\" drone, which relentlessly hunts the survivor."
  }, {
    "name":"Black Museum",
    "season":"4",
    "number":"6",
    "summary":"A woman, Nish, stops at Rolo Haynes' World Famous Black Museum, and Rolo is glad to show her the technological crime oddities that he's collected."
  }]
}
